Player,Role,Team ID,Credit,Players_Link,Match,Runs Scored,Balls Played,Out,Bat SR,50,100,4s Scored,6s Scored,Bat Dot%,Overs Bowled,Runs Given,Wickets Taken,Econ,Bowl Avg,Bowl SR,5W,4s Given,6s Given,Bowl Dot%,next_runs,next_balls,next_overs,next_runs_given,next_wkts,next_runs_ll_95,next_runs_ul_95,next_balls_ll_95,next_balls_ul_95,next_overs_ll_95,next_overs_ul_95,next_runs_given_ll_95,next_runs_given_ul_95,next_wkts_ll_95,next_wkts_ul_95
S Dhawan,Batsman,PBKS,9.5,https://www.punjabkingsipl.in/static-assets/images/players/3722.png?v=5.91,smat2022_131,37.0,27,1,137.0,0,0,7,0,44.4,0.0,0.0,0.0,0.0,0.0,0.0,0.0,0.0,0.0,0.0,33.0,24.0,0.0,0.0,0.0,27.0,38.0,21.0,28.0,0.0,0.0,0.0,0.0,0.0,0.0
JM Bairstow,,,,,t20blast2023_002,7.0,6,1,116.7,0,0,1,0,50.0,0.0,0.0,0.0,0.0,0.0,0.0,0.0,0.0,0.0,0.0,32.0,24.0,0.0,0.0,0.0,22.0,41.0,20.0,29.0,0.0,0.0,0.0,0.0,0.0,0.0
RR Rossouw,,,,,t20blast2022_132,23.0,20,1,115.0,0,0,1,2,50.0,0.0,0.0,0.0,0.0,0.0,0.0,0.0,0.0,0.0,0.0,26.0,15.0,0.0,0.0,0.0,23.0,29.0,13.0,17.0,0.0,0.0,0.0,0.0,0.0,0.0
A Taide,AR,PBKS,8.0,https://www.punjabkingsipl.in/static-assets/images/players/67910.png?v=5.91,smat2022_135,29.0,22,1,131.8,0,0,3,1,40.9,0.0,0.0,0.0,0.0,0.0,0.0,0.0,0.0,0.0,0.0,21.0,18.0,0.0,3.0,0.0,11.0,31.0,12.0,24.0,0.0,0.0,2.0,4.0,0.0,0.0
Harpreet Singh,,,,,smat2023_094,34.0,27,1,125.9,0,0,4,0,25.9,0.0,0.0,0.0,0.0,0.0,0.0,0.0,0.0,0.0,0.0,1.0,1.0,0.0,0.0,0.0,1.0,15.0,1.0,11.0,0.0,0.0,0.0,0.0,0.0,0.0
Shashank Singh,,,,,smat2023_094,28.0,22,1,127.3,0,0,1,1,18.2,1.0,11.0,0.0,11.0,0.0,0.0,0.0,1.0,0.0,0.0,5.0,0.0,0.0,0.0,1.0,1.0,15.0,1.0,10.0,0.0,0.0,-3.0,3.0,1.0,1.0
Arshdeep Singh,Bowler,PBKS,8.0,https://www.punjabkingsipl.in/static-assets/images/players/67905.png?v=5.91,smat2023_135,0.0,0,0,0.0,0,0,0,0,0.0,4.0,23.0,4.0,5.75,5.8,6.0,0.0,1.0,0.0,50.0,0.0,0.0,1.0,28.0,3.0,1.0,1.0,1.0,1.0,1.0,1.0,25.0,31.0,3.0,4.0
K Rabada,Bowler,PBKS,8.0,https://www.punjabkingsipl.in/static-assets/images/players/63611.png?v=5.91,sat20_2024_28,1.0,2,1,50.0,0,0,0,0,50.0,4.0,24.0,1.0,6.0,24.0,24.0,0.0,1.0,1.0,45.8,3.0,2.0,1.0,27.0,3.0,2.0,3.0,1.0,3.0,1.0,1.0,25.0,29.0,3.0,3.0
HV Patel,Bowler,PBKS,9.0,https://www.punjabkingsipl.in/static-assets/images/players/5407.png?v=5.91,smat2023_076,30.0,26,1,115.4,0,0,4,0,53.8,0.0,0.0,0.0,0.0,0.0,0.0,0.0,0.0,0.0,0.0,17.0,15.0,1.0,13.0,1.0,14.0,21.0,13.0,17.0,0.0,1.0,10.0,16.0,1.0,2.0
NT Ellis,,,,,t20blast2023_131,0.0,0,0,0.0,0,0,0,0,0.0,2.3,27.0,1.0,10.8,27.0,15.0,0.0,1.0,3.0,40.0,2.0,2.0,1.0,31.0,3.0,1.0,3.0,1.0,3.0,1.0,1.0,29.0,33.0,3.0,4.0
RD Chahar,Bowler,PBKS,8.0,https://www.punjabkingsipl.in/static-assets/images/players/66823.png?v=5.91,smat2022_061,8.0,4,0,200.0,0,0,0,1,25.0,3.0,26.0,0.0,8.67,0.0,0.0,0.0,2.0,1.0,22.2,7.0,7.0,1.0,29.0,3.0,7.0,8.0,7.0,8.0,1.0,1.0,27.0,31.0,3.0,4.0
Harpreet Brar,,,,,smat2023_135,0.0,0,0,0.0,0,0,0,0,0.0,4.0,35.0,1.0,8.75,35.0,24.0,0.0,2.0,2.0,33.3,4.0,2.0,1.0,24.0,3.0,1.0,6.0,1.0,4.0,1.0,1.0,21.0,28.0,3.0,3.0
T Thyagarajan,,,,,smat2023_069,0.0,0,0,0.0,0,0,0,0,0.0,4.0,21.0,1.0,5.25,21.0,24.0,0.0,1.0,1.0,45.8,2.0,2.0,0.0,0.0,0.0,1.0,11.0,1.0,10.0,-1.0,1.0,-5.0,5.0,1.0,0.0
SM Curran,AR,PBKS,8.0,https://www.punjabkingsipl.in/static-assets/images/players/65584.png?v=5.91,t20blast2023_132,5.0,10,1,50.0,0,0,0,0,50.0,4.0,32.0,1.0,8.0,32.0,24.0,0.0,3.0,0.0,29.2,14.0,11.0,1.0,27.0,3.0,11.0,18.0,9.0,13.0,1.0,1.0,25.0,29.0,3.0,3.0
LS Livingstone,AR,PBKS,8.0,https://www.punjabkingsipl.in/static-assets/images/players/63940.png?v=5.911,t20blast2023_127,7.0,13,1,53.8,0,0,1,0,69.2,2.0,22.0,1.0,11.0,22.0,12.0,0.0,1.0,1.0,25.0,32.0,22.0,0.0,20.0,2.0,29.0,35.0,20.0,24.0,0.0,1.0,18.0,22.0,2.0,2.0
Sikandar Raza,AR,PBKS,8.0,https://www.punjabkingsipl.in/static-assets/images/players/25422.png?v=5.91,psl2024_28,6.0,5,0,120.0,0,0,1,0,60.0,4.0,32.0,0.0,8.0,0.0,0.0,0.0,1.0,1.0,29.2,13.0,11.0,1.0,12.0,2.0,9.0,16.0,9.0,14.0,0.0,1.0,10.0,15.0,2.0,2.0
CR Woakes,,,,,t20blast2023_105,0.0,0,0,0.0,0,0,0,0,0.0,4.0,28.0,1.0,7.0,28.0,24.0,0.0,1.0,1.0,50.0,7.0,7.0,1.0,27.0,3.0,5.0,9.0,6.0,9.0,0.0,1.0,23.0,30.0,3.0,3.0
R Dhawan,,,,,smat2022_136,1.0,3,1,33.3,0,0,0,0,66.7,3.3,26.0,2.0,7.43,13.0,10.5,0.0,3.0,1.0,52.4,1.0,0.0,2.0,22.0,3.0,1.0,5.0,1.0,5.0,1.0,2.0,18.0,26.0,2.0,4.0
JM Sharma,WK,PBKS,8.0,https://www.punjabkingsipl.in/static-assets/images/players/64724.png?v=5.91,smat2022_135,46.0,24,0,191.7,0,0,3,3,16.7,0.0,0.0,0.0,0.0,0.0,0.0,0.0,0.0,0.0,0.0,21.0,12.0,0.0,0.0,0.0,16.0,26.0,9.0,15.0,0.0,0.0,0.0,0.0,0.0,0.0
Prabhsimran Singh,WK,PBKS,8.0,https://www.punjabkingsipl.in/static-assets/images/players/70222.png?v=5.91,smat2023_135,9.0,7,1,128.6,0,0,0,1,42.9,0.0,0.0,0.0,0.0,0.0,0.0,0.0,0.0,0.0,0.0,6.0,7.0,0.0,0.0,0.0,1.0,15.0,2.0,12.0,0.0,0.0,0.0,0.0,0.0,0.0
V Kohli,Batsman,RCB,9.0,https://bcciplayerimages.s3.ap-south-1.amazonaws.com/ipl/IPLHeadshot2023/2.png,ipl2024_06,77.0,49,1,157.1,1,0,11,2,38.8,0.0,0.0,0.0,0.0,0.0,0.0,0.0,0.0,0.0,0.0,34.0,22.0,0.0,0.0,0.0,29.0,40.0,19.0,26.0,0.0,0.0,0.0,0.0,0.0,0.0
F du Plessis,Batsman,RCB,9.5,https://bcciplayerimages.s3.ap-south-1.amazonaws.com/ipl/IPLHeadshot2023/94.png,t20blast2019_123,32.0,21,1,152.4,0,0,1,2,9.5,0.0,0.0,0.0,0.0,0.0,0.0,0.0,0.0,0.0,0.0,34.0,24.0,0.0,0.0,0.0,29.0,38.0,22.0,27.0,0.0,0.0,0.0,0.0,0.0,0.0
RM Patidar,Batsman,RCB,8.0,https://www.iplt20.com/assets/images/default-headshot.png,smat2023_108,50.0,30,1,166.7,1,0,2,4,23.3,0.0,0.0,0.0,0.0,0.0,0.0,0.0,0.0,0.0,0.0,24.0,20.0,0.0,0.0,0.0,9.0,39.0,11.0,28.0,0.0,0.0,0.0,0.0,0.0,0.0
Mahipal Lomaror,,,,,smat2023_108,50.0,30,1,166.7,1,0,2,4,23.3,0.0,0.0,0.0,0.0,0.0,0.0,0.0,0.0,0.0,0.0,24.0,20.0,0.0,0.0,0.0,9.0,39.0,11.0,28.0,0.0,0.0,0.0,0.0,0.0,0.0
SS Prabhudessadi,,,,,smat2023_108,50.0,30,1,166.7,1,0,2,4,23.3,0.0,0.0,0.0,0.0,0.0,0.0,0.0,0.0,0.0,0.0,24.0,20.0,0.0,0.0,0.0,9.0,39.0,11.0,28.0,0.0,0.0,0.0,0.0,0.0,0.0
SD Chauhan,,,,,smat2023_127,32.0,21,1,152.4,0,0,4,1,38.1,0.0,0.0,0.0,0.0,0.0,0.0,0.0,0.0,0.0,0.0,36.0,23.0,0.0,0.0,0.0,17.0,55.0,14.0,31.0,0.0,0.0,0.0,0.0,0.0,0.0
Mohammed Siraj,Bowler,RCB,8.0,https://bcciplayerimages.s3.ap-south-1.amazonaws.com/ipl/IPLHeadshot2023/63.png,ipl2024_06,0.0,0,0,0.0,0,0,0,0,0.0,4.0,26.0,2.0,6.5,13.0,12.0,0.0,4.0,0.0,50.0,2.0,3.0,1.0,32.0,4.0,2.0,3.0,2.0,3.0,1.0,1.0,30.0,35.0,3.0,4.0
LH Ferguson,,,,,t20blast2021_094,0.0,0,0,0.0,0,0,0,0,0.0,4.0,22.0,4.0,5.5,5.5,6.0,0.0,1.0,0.0,50.0,2.0,1.0,1.0,25.0,3.0,0.0,3.0,0.0,2.0,1.0,1.0,22.0,27.0,3.0,4.0
RJW Topley,,,,,t20blast2022_126,0.0,0,0,0.0,0,0,0,0,0.0,4.0,26.0,2.0,6.5,13.0,12.0,0.0,2.0,1.0,54.2,0.0,0.0,1.0,31.0,3.0,1.0,1.0,1.0,1.0,1.0,1.0,29.0,33.0,3.0,4.0
KV Sharma,,,,,smat2023_096,29.0,14,0,207.1,0,0,3,2,28.6,3.0,27.0,1.0,9.0,27.0,18.0,0.0,0.0,3.0,38.9,1.0,2.0,1.0,24.0,3.0,1.0,1.0,1.0,3.0,1.0,1.0,21.0,27.0,3.0,3.0
AS Joseph,Bowler,RCB,11.5,https://www.iplt20.com/assets/images/default-headshot.png,sat20_2023_22,0.0,0,0,0.0,0,0,0,0,0.0,4.0,38.0,0.0,9.5,0.0,0.0,0.0,4.0,1.0,33.3,4.0,4.0,1.0,25.0,4.0,2.0,6.0,3.0,5.0,1.0,2.0,23.0,28.0,3.0,4.0
MJ Dagar,Bowler,RCB,8.0,https://www.iplt20.com/assets/images/default-headshot.png,smat2022_136,21.0,12,0,175.0,0,0,2,1,25.0,4.0,24.0,2.0,6.0,12.0,12.0,0.0,1.0,1.0,37.5,0.0,0.0,1.0,17.0,3.0,1.0,4.0,1.0,2.0,1.0,1.0,12.0,21.0,2.0,3.0
Yash Dayal,Bowler,RCB,5.0,https://www.iplt20.com/assets/images/default-headshot.png,smat2023_130,0.0,0,0,0.0,0,0,0,0,0.0,4.0,53.0,0.0,13.25,0.0,0.0,0.0,4.0,4.0,25.0,0.0,0.0,1.0,12.0,2.0,0.0,0.0,1.0,0.0,0.0,1.0,6.0,18.0,1.0,2.0
GJ Maxwell,AR,RCB,8.5,https://bcciplayerimages.s3.ap-south-1.amazonaws.com/ipl/IPLHeadshot2023/28.png,t20blast2023_128,32.0,23,1,139.1,0,0,5,1,47.8,2.0,28.0,0.0,14.0,0.0,0.0,0.0,2.0,2.0,8.3,28.0,17.0,0.0,5.0,1.0,24.0,32.0,15.0,19.0,0.0,1.0,3.0,7.0,1.0,1.0
Cameron Green,AR,RCB,8.0,https://www.iplt20.com/assets/images/default-headshot.png,ipl2024_06,3.0,5,1,60.0,0,0,0,0,60.0,2.0,19.0,0.0,9.5,0.0,0.0,0.0,1.0,1.0,33.3,43.0,22.0,1.0,13.0,1.0,31.0,55.0,16.0,29.0,-1.0,1.0,8.0,19.0,1.0,2.0
TK Curran,,,,,t20blast2023_132,22.0,15,1,146.7,0,0,1,1,13.3,4.0,33.0,0.0,8.25,0.0,0.0,0.0,2.0,1.0,37.5,9.0,7.0,1.0,28.0,3.0,7.0,12.0,5.0,8.0,1.0,2.0,25.0,31.0,3.0,4.0
WG Jacks,,,,,t20blast2023_132,9.0,13,1,69.2,0,0,1,0,61.5,0.0,0.0,0.0,0.0,0.0,0.0,0.0,0.0,0.0,0.0,27.0,19.0,0.0,5.0,1.0,22.0,32.0,16.0,21.0,0.0,0.0,3.0,6.0,0.0,1.0
Swapnil Singh,,,,,tnpl2023_30,48.0,30,1,160.0,0,0,1,4,20.0,4.0,39.0,1.0,9.75,39.0,24.0,0.0,3.0,2.0,37.5,7.0,4.0,1.0,1.0,0.0,1.0,14.0,1.0,9.0,-1.0,1.0,-5.0,7.0,1.0,0.0
KD Karthik,WK,RCB,8.0,https://bcciplayerimages.s3.ap-south-1.amazonaws.com/ipl/IPLHeadshot2023/13.png,tnpl2022_20,21.0,16,1,131.2,0,0,3,0,31.2,0.0,0.0,0.0,0.0,0.0,0.0,0.0,0.0,0.0,0.0,18.0,13.0,0.0,0.0,0.0,14.0,22.0,11.0,15.0,0.0,0.0,0.0,0.0,0.0,0.0
Anuj Rawat,,,,,smat2023_133,34.0,22,1,154.5,0,0,5,1,40.9,0.0,0.0,0.0,0.0,0.0,0.0,0.0,0.0,0.0,0.0,29.0,20.0,0.0,0.0,0.0,23.0,34.0,17.0,24.0,0.0,0.0,0.0,0.0,0.0,0.0
V Vyshak,Bowler,RCB,8.0,https://www.iplt20.com/assets/images/default-headshot.png,smat2023_099,2.0,3,1,66.7,0,0,0,0,33.3,4.0,55.0,1.0,13.75,55.0,24.0,0.0,6.0,4.0,58.3,3.0,2.0,0.0,4.0,1.0,3.0,4.0,1.0,3.0,0.0,1.0,-6.0,13.0,1.0,1.0
YBK Jaiswal,Batsman,RR,8.0,https://www.rajasthanroyals.com/static-assets/images/players/69238.png?v=6.01,smat2023_058,50.0,36,1,138.9,1,0,8,1,44.4,0.0,0.0,0.0,0.0,0.0,0.0,0.0,0.0,0.0,0.0,12.0,3.0,0.0,0.0,0.0,4.0,19.0,1.0,7.0,0.0,0.0,0.0,1.0,0.0,0.0
SO Hetmyer,Batsman,RR,9.0,https://www.rajasthanroyals.com/static-assets/images/players/64861.png?v=6.01,psl2021_16,7.0,9,1,77.8,0,0,0,0,33.3,0.0,0.0,0.0,0.0,0.0,0.0,0.0,0.0,0.0,0.0,17.0,13.0,0.0,0.0,0.0,14.0,21.0,11.0,15.0,0.0,0.0,0.0,0.0,0.0,0.0
R Powell,Batsman,RR,8.0,https://www.rajasthanroyals.com/static-assets/images/players/65291.png?v=6.01,psl2024_33,2.0,7,1,28.6,0,0,0,0,85.7,0.0,0.0,0.0,0.0,0.0,0.0,0.0,0.0,0.0,0.0,21.0,15.0,0.0,5.0,0.0,17.0,25.0,13.0,17.0,0.0,0.0,2.0,7.0,0.0,1.0
T Kohler-Cadmore,,,,,t20blast2023_133,19.0,19,1,100.0,0,0,2,1,57.9,0.0,0.0,0.0,0.0,0.0,0.0,0.0,0.0,0.0,0.0,27.0,18.0,0.0,0.0,0.0,23.0,31.0,16.0,21.0,0.0,0.0,0.0,0.0,0.0,0.0
SB Dubey,,,,,smat2022_135,19.0,22,1,86.4,0,0,1,0,36.4,0.0,0.0,0.0,0.0,0.0,0.0,0.0,0.0,0.0,0.0,8.0,5.0,0.0,0.0,0.0,1.0,16.0,1.0,10.0,0.0,0.0,0.0,0.0,0.0,0.0
TA Boult,Bowler,RR,9.0,https://www.rajasthanroyals.com/static-assets/images/players/4338.png?v=6.01,ssnz2021_30,0.0,0,0,0.0,0,0,0,0,0.0,3.0,40.0,2.0,13.33,20.0,9.0,0.0,7.0,1.0,27.8,2.0,1.0,1.0,25.0,3.0,1.0,2.0,1.0,1.0,1.0,1.0,24.0,27.0,3.0,3.0
YS Chahal,Bowler,RR,9.0,https://www.rajasthanroyals.com/static-assets/images/players/9844.png?v=6.01,smat2023_076,0.0,0,0,0.0,0,0,0,0,0.0,3.5,8.0,4.0,2.09,2.0,5.8,0.0,0.0,0.0,78.3,0.0,0.0,1.0,27.0,3.0,1.0,0.0,1.0,1.0,1.0,1.0,25.0,28.0,3.0,3.0
Avesh Khan,,,,,smat2023_108,0.0,0,0,0.0,0,0,0,0,0.0,4.0,27.0,1.0,6.75,27.0,24.0,0.0,2.0,1.0,45.8,1.0,1.0,1.0,35.0,4.0,0.0,2.0,0.0,1.0,1.0,1.0,32.0,38.0,3.0,4.0
Sandeep Sharma,,,,,smat2021_101,1.0,2,1,50.0,0,0,0,0,50.0,4.0,35.0,1.0,8.75,35.0,24.0,0.0,4.0,1.0,29.2,1.0,1.0,0.0,29.0,3.0,0.0,1.0,1.0,1.0,0.0,1.0,27.0,32.0,3.0,4.0
N Burger,,,,,sat20_2024_33,1.0,4,1,25.0,0,0,0,0,75.0,4.0,27.0,2.0,6.75,13.5,12.0,0.0,4.0,0.0,41.7,2.0,2.0,0.0,22.0,3.0,1.0,2.0,1.0,3.0,0.0,1.0,18.0,26.0,2.0,3.0
NA Saini,,,,,smat2023_133,0.0,0,0,0.0,0,0,0,0,0.0,3.0,32.0,0.0,10.67,0.0,0.0,0.0,3.0,2.0,33.3,1.0,1.0,1.0,29.0,3.0,0.0,2.0,0.0,3.0,1.0,1.0,27.0,32.0,3.0,3.0
KR Sen,,,,,smat2023_090,0.0,1,0,0.0,0,0,0,0,100.0,1.0,21.0,0.0,21.0,0.0,0.0,0.0,0.0,3.0,33.3,0.0,0.0,1.0,24.0,3.0,0.0,0.0,1.0,1.0,1.0,2.0,18.0,29.0,3.0,4.0
Abid Mushtaq,,,,,smat2023_104,0.0,0,0,0.0,0,0,0,0,0.0,4.0,29.0,0.0,7.25,0.0,0.0,0.0,3.0,1.0,41.7,5.0,6.0,0.0,7.0,1.0,5.0,5.0,6.0,6.0,0.0,0.0,1.0,14.0,1.0,1.0
R Ashwin,AR,RR,9.0,https://www.rajasthanroyals.com/static-assets/images/players/4555.png?v=6.01,tnpl2023_16,5.0,10,1,50.0,0,0,0,0,50.0,4.0,31.0,1.0,7.75,31.0,24.0,0.0,1.0,1.0,29.2,5.0,5.0,1.0,28.0,4.0,2.0,8.0,3.0,7.0,1.0,1.0,26.0,30.0,4.0,4.0
R Parag,Batsman,RR,8.0,https://www.rajasthanroyals.com/static-assets/images/players/66939.png?v=6.01,smat2023_134,8.0,10,1,80.0,0,0,0,0,20.0,3.0,32.0,0.0,10.67,0.0,0.0,0.0,1.0,3.0,44.4,10.0,9.0,1.0,16.0,2.0,4.0,16.0,5.0,13.0,0.0,1.0,13.0,19.0,2.0,2.0
D Ferreira,,,,,sat20_2024_33,24.0,12,1,200.0,0,0,3,1,25.0,0.0,0.0,0.0,0.0,0.0,0.0,0.0,0.0,0.0,0.0,20.0,13.0,0.0,0.0,0.0,7.0,33.0,8.0,18.0,-1.0,1.0,-5.0,5.0,1.0,0.0
JC Buttler,WK,RR,10.0,https://www.rajasthanroyals.com/static-assets/images/players/9782.png?v=6.01,t20blast2023_127,42.0,32,1,131.2,0,0,2,3,40.6,0.0,0.0,0.0,0.0,0.0,0.0,0.0,0.0,0.0,0.0,35.0,24.0,0.0,0.0,0.0,30.0,39.0,21.0,26.0,0.0,0.0,0.0,0.0,0.0,0.0
SV Samson,WK,RR,9.5,https://www.rajasthanroyals.com/static-assets/images/players/61837.png?v=6.01,smat2023_132,0.0,1,1,0.0,0,0,0,0,100.0,0.0,0.0,0.0,0.0,0.0,0.0,0.0,0.0,0.0,0.0,28.0,21.0,0.0,0.0,0.0,23.0,34.0,18.0,24.0,0.0,0.0,0.0,0.0,0.0,0.0
DC Jurel,WK,RR,8.0,https://www.rajasthanroyals.com/static-assets/images/players/71370.png?v=6.01,smat2023_127,13.0,9,0,144.4,0,0,1,1,55.6,0.0,0.0,0.0,0.0,0.0,0.0,0.0,0.0,0.0,0.0,2.0,1.0,0.0,0.0,0.0,1.0,7.0,1.0,3.0,0.0,0.0,0.0,0.0,0.0,0.0
TK Kotian,,,,,smat2023_058,0.0,0,0,0.0,0,0,0,0,0.0,2.0,8.0,1.0,4.0,8.0,12.0,0.0,0.0,0.0,50.0,9.0,9.0,0.0,6.0,1.0,2.0,17.0,2.0,16.0,-1.0,1.0,-1.0,12.0,0.0,2.0
TM Head,Batsman,SRH,8.0,https://www.iplt20.com/assets/images/default-headshot.png,t20blast2021_108,5.0,8,1,62.5,0,0,0,0,37.5,0.0,0.0,0.0,0.0,0.0,0.0,0.0,0.0,0.0,0.0,29.0,21.0,0.0,3.0,0.0,22.0,36.0,16.0,25.0,0.0,1.0,0.0,6.0,0.0,1.0
MA Agarwal,Batsman,SRH,8.0,https://bcciplayerimages.s3.ap-south-1.amazonaws.com/ipl/IPLHeadshot2023/55.png,smat2023_099,59.0,35,1,168.6,1,0,8,2,28.6,0.0,0.0,0.0,0.0,0.0,0.0,0.0,0.0,0.0,0.0,27.0,19.0,0.0,0.0,0.0,22.0,32.0,16.0,23.0,0.0,0.0,0.0,0.0,0.0,0.0
RA Tripathi,Batsman,SRH,8.0,https://bcciplayerimages.s3.ap-south-1.amazonaws.com/ipl/IPLHeadshot2023/188.png,smat2023_068,35.0,16,0,218.8,0,0,6,0,18.8,1.0,4.0,0.0,4.0,0.0,0.0,0.0,0.0,0.0,83.3,18.0,12.0,0.0,0.0,0.0,13.0,22.0,10.0,15.0,0.0,0.0,0.0,0.0,0.0,0.0
GD Phillips,,,,,t20blast2022_119,52.0,39,1,133.3,1,0,1,3,20.5,1.0,7.0,1.0,7.0,7.0,6.0,0.0,1.0,0.0,33.3,17.0,16.0,0.0,3.0,0.0,13.0,21.0,13.0,18.0,0.0,0.0,2.0,4.0,0.0,0.0
Abhishek Sharma,,,,,smat2023_135,0.0,1,1,0.0,0,0,0,0,100.0,1.0,13.0,0.0,13.0,0.0,0.0,0.0,1.0,1.0,16.7,35.0,20.0,0.0,10.0,1.0,28.0,42.0,17.0,23.0,0.0,0.0,8.0,12.0,1.0,2.0
Abdul Samad,,,,,smat2023_058,38.0,30,0,126.7,0,0,3,1,23.3,0.0,0.0,0.0,0.0,0.0,0.0,0.0,0.0,0.0,0.0,18.0,9.0,0.0,3.0,0.0,13.0,23.0,5.0,12.0,0.0,0.0,-1.0,7.0,0.0,0.0
PJ Cummins,Bowler,SRH,8.0,https://www.iplt20.com/assets/images/default-headshot.png,ipl2024_03,0.0,1,0,0.0,0,0,0,0,100.0,4.0,32.0,1.0,8.0,32.0,24.0,0.0,3.0,1.0,33.3,2.0,2.0,1.0,27.0,3.0,1.0,8.0,1.0,5.0,1.0,1.0,24.0,31.0,3.0,4.0
B Kumar,Bowler,SRH,8.0,https://bcciplayerimages.s3.ap-south-1.amazonaws.com/ipl/IPLHeadshot2023/15.png,smat2023_130,0.0,0,0,0.0,0,0,0,0,0.0,4.0,22.0,2.0,5.5,11.0,12.0,0.0,2.0,0.0,58.3,1.0,1.0,2.0,27.0,4.0,1.0,2.0,1.0,2.0,1.0,2.0,25.0,29.0,3.0,4.0
T Natarajan,Bowler,SRH,8.0,https://bcciplayerimages.s3.ap-south-1.amazonaws.com/ipl/IPLHeadshot2023/224.png,tnpl2023_21,0.0,0,0,0.0,0,0,0,0,0.0,3.0,14.0,1.0,4.67,14.0,18.0,0.0,2.0,0.0,66.7,0.0,0.0,1.0,23.0,3.0,0.0,0.0,0.0,0.0,0.0,1.0,20.0,26.0,3.0,4.0
M Markande,,,,,smat2023_135,0.0,0,0,0.0,0,0,0,0,0.0,3.0,29.0,1.0,9.67,29.0,18.0,0.0,0.0,3.0,27.8,1.0,1.0,1.0,21.0,2.0,0.0,1.0,0.0,1.0,0.0,1.0,18.0,23.0,2.0,3.0
Fazalhaq Farooqi,,,,,psl2023_32,0.0,0,0,0.0,0,0,0,0,0.0,4.0,31.0,1.0,7.75,31.0,24.0,0.0,5.0,0.0,50.0,0.0,1.0,0.0,25.0,3.0,0.0,0.0,0.0,1.0,0.0,1.0,22.0,28.0,3.0,3.0
JD Unadkat,,,,,smat2022_133,7.0,5,0,140.0,0,0,1,0,20.0,0.0,0.0,0.0,0.0,0.0,0.0,0.0,0.0,0.0,0.0,9.0,6.0,0.0,0.0,0.0,6.0,12.0,4.0,8.0,0.0,0.0,0.0,0.0,0.0,0.0
Akash Singh,,,,,smat2022_114,4.0,2,1,200.0,0,0,1,0,50.0,3.0,27.0,1.0,9.0,27.0,18.0,0.0,4.0,1.0,55.6,0.0,1.0,1.0,15.0,2.0,0.0,0.0,1.0,0.0,0.0,1.0,9.0,20.0,2.0,3.0
AK Markram,Batsman,SRH,10.0,https://bcciplayerimages.s3.ap-south-1.amazonaws.com/ipl/IPLHeadshot2023/287.png,sat20_2024_34,42.0,26,0,161.5,0,0,3,2,19.2,1.0,4.0,0.0,4.0,0.0,0.0,0.0,0.0,0.0,33.3,23.0,18.0,0.0,2.0,0.0,18.0,29.0,14.0,21.0,0.0,0.0,0.0,5.0,0.0,0.0
M Jansen,,,,,sat20_2024_34,0.0,0,0,0.0,0,0,0,0,0.0,4.0,30.0,5.0,7.5,6.0,4.8,1.0,2.0,2.0,58.3,11.0,7.0,2.0,34.0,4.0,7.0,15.0,5.0,9.0,2.0,2.0,30.0,37.0,3.0,4.0
Washington Sundar,AR,SRH,8.0,https://bcciplayerimages.s3.ap-south-1.amazonaws.com/ipl/IPLHeadshot2023/20.png,tnpl2023_24,14.0,11,1,127.3,0,0,3,0,54.5,3.0,26.0,0.0,8.67,0.0,0.0,0.0,3.0,1.0,33.3,16.0,13.0,1.0,26.0,3.0,11.0,20.0,10.0,15.0,0.0,1.0,23.0,28.0,3.0,3.0
Shahbaz Ahmed,AR,SRH,8.0,https://www.iplt20.com/assets/images/default-headshot.png,smat2023_128,5.0,6,1,83.3,0,0,0,0,33.3,4.0,30.0,1.0,7.5,30.0,24.0,0.0,1.0,2.0,45.8,5.0,6.0,1.0,21.0,2.0,1.0,8.0,3.0,8.0,-1.0,0.0,16.0,25.0,2.0,3.0
K Nitish Kumar Reddy,,,,,smat2023_128,5.0,6,1,83.3,0,0,0,0,33.3,0.0,0.0,0.0,0.0,0.0,0.0,0.0,0.0,0.0,0.0,7.0,7.0,0.0,0.0,0.0,2.0,12.0,3.0,10.0,0.0,0.0,0.0,0.0,0.0,0.0
Sanvir Singh,,,,,smat2023_135,4.0,1,0,400.0,0,0,1,0,0.0,0.0,0.0,0.0,0.0,0.0,0.0,0.0,0.0,0.0,0.0,6.0,12.0,0.0,8.0,1.0,1.0,12.0,9.0,16.0,-1.0,1.0,1.0,15.0,0.0,1.0
H Klaasen,WK,SRH,8.0,https://bcciplayerimages.s3.ap-south-1.amazonaws.com/ipl/IPLHeadshot2023/202.png,t100m2023_26,18.0,11,1,163.6,0,0,3,0,27.3,0.0,0.0,0.0,0.0,0.0,0.0,0.0,0.0,0.0,0.0,42.0,22.0,1.0,1.0,0.0,35.0,49.0,19.0,25.0,0.0,0.0,0.0,1.0,0.0,0.0
Anmolpreet Singh,,,,,smat2023_135,113.0,61,1,185.2,0,1,10,6,24.6,0.0,0.0,0.0,0.0,0.0,0.0,0.0,0.0,0.0,0.0,75.0,0.0,0.0,0.0,0.0,64.0,86.0,1.0,8.0,0.0,0.0,0.0,0.0,0.0,0.0
UD Yadav,,,,,smat2023_096,64.0,47,1,136.2,1,0,7,3,46.8,0.0,0.0,0.0,0.0,0.0,0.0,0.0,0.0,0.0,0.0,9.0,9.0,0.0,0.0,0.0,1.0,42.0,1.0,32.0,0.0,0.0,0.0,0.0,0.0,0.0
RD Gaikwad,Batsman,CSK,8.5,https://bcciplayerimages.s3.ap-south-1.amazonaws.com/ipl/IPLHeadshot2023/102.png,smat2021_2_090,44.0,34,1,129.4,0,0,6,0,26.5,0.0,0.0,0.0,0.0,0.0,0.0,0.0,0.0,0.0,0.0,24.0,22.0,0.0,0.0,0.0,16.0,32.0,17.0,27.0,0.0,0.0,0.0,0.0,0.0,0.0
DJ Mitchell,AR,CSK,8.0,https://www.iplt20.com/assets/images/default-headshot.png,t20blast2023_127,26.0,19,0,136.8,0,0,1,1,21.1,4.0,44.0,0.0,11.0,0.0,0.0,0.0,7.0,0.0,20.8,32.0,23.0,1.0,33.0,3.0,26.0,38.0,20.0,27.0,0.0,1.0,29.0,36.0,3.0,3.0
S Dube,AR,CSK,8.5,https://bcciplayerimages.s3.ap-south-1.amazonaws.com/ipl/IPLHeadshot2023/211.png,smat2023_058,15.0,25,1,60.0,0,0,0,0,48.0,0.0,0.0,0.0,0.0,0.0,0.0,0.0,0.0,0.0,0.0,31.0,20.0,0.0,3.0,1.0,26.0,36.0,17.0,23.0,0.0,0.0,1.0,5.0,0.0,1.0
AM Rahane,Batsman,CSK,8.5,https://bcciplayerimages.s3.ap-south-1.amazonaws.com/ipl/IPLHeadshot2023/44.png,smat2023_058,31.0,31,1,100.0,0,0,1,0,22.6,0.0,0.0,0.0,0.0,0.0,0.0,0.0,0.0,0.0,0.0,30.0,23.0,0.0,0.0,0.0,25.0,34.0,20.0,26.0,0.0,0.0,0.0,0.0,0.0,0.0
SN Thakur,Bowler,CSK,8.5,https://www.iplt20.com/assets/images/default-headshot.png,ipl2023_68,3.0,7,1,42.9,0,0,0,0,57.1,2.0,27.0,2.0,13.5,13.5,6.0,0.0,0.0,3.0,41.7,1.0,1.0,1.0,25.0,3.0,1.0,4.0,0.0,3.0,1.0,1.0,22.0,27.0,3.0,3.0
Mustafizur Rahman,,,,,t20blast2016_110,0.0,0,0,0.0,0,0,0,0,0.0,3.2,31.0,0.0,9.3,0.0,0.0,0.0,3.0,1.0,25.0,1.0,1.0,1.0,27.0,3.0,1.0,1.0,1.0,1.0,1.0,1.0,26.0,29.0,3.0,4.0
DL Chahar,Bowler,CSK,8.5,https://bcciplayerimages.s3.ap-south-1.amazonaws.com/ipl/IPLHeadshot2023/91.png,smat2021_094,2.0,3,0,66.7,0,0,0,0,33.3,4.0,36.0,0.0,9.0,0.0,0.0,0.0,4.0,1.0,25.0,3.0,2.0,2.0,24.0,4.0,2.0,4.0,1.0,2.0,1.0,2.0,21.0,26.0,4.0,4.0
M Pathirana,Bowler,CSK,8.0,https://bcciplayerimages.s3.ap-south-1.amazonaws.com/ipl/IPLHeadshot2023/1014.png,lpl2023_20,0.0,2,0,0.0,0,0,0,0,100.0,0.3,18.0,0.0,36.0,0.0,0.0,0.0,1.0,1.0,66.7,0.0,1.0,1.0,4.0,0.0,0.0,0.0,1.0,0.0,0.0,0.0,1.0,8.0,0.0,1.0
M Theekshana,Bowler,CSK,8.0,https://bcciplayerimages.s3.ap-south-1.amazonaws.com/ipl/IPLHeadshot2023/629.png,sat20_2023_32,0.0,0,0,0.0,0,0,0,0,0.0,4.0,29.0,0.0,7.25,0.0,0.0,0.0,2.0,1.0,37.5,1.0,1.0,1.0,25.0,4.0,0.0,2.0,0.0,2.0,1.0,1.0,23.0,27.0,4.0,4.0
TU Deshpande,,,,,smat2023_058,0.0,0,0,0.0,0,0,0,0,0.0,3.0,29.0,0.0,9.67,0.0,0.0,0.0,3.0,1.0,27.8,1.0,1.0,1.0,29.0,4.0,1.0,2.0,0.0,2.0,1.0,2.0,24.0,34.0,3.0,4.0
RA Jadeja,AR,CSK,9.0,https://bcciplayerimages.s3.ap-south-1.amazonaws.com/ipl/IPLHeadshot2023/46.png,ipl2024_07,7.0,3,1,233.3,0,0,1,0,0.0,2.0,15.0,0.0,7.5,0.0,0.0,0.0,1.0,0.0,16.7,13.0,6.0,1.0,20.0,3.0,11.0,15.0,4.0,7.0,0.0,1.0,18.0,22.0,2.0,3.0
R Ravindra,,,,,ssnz2023_31,2.0,5,1,40.0,0,0,0,0,60.0,3.0,22.0,1.0,7.33,22.0,18.0,0.0,1.0,1.0,27.8,5.0,7.0,0.0,21.0,2.0,1.0,11.0,4.0,11.0,0.0,1.0,18.0,25.0,2.0,3.0
MM Ali,,,,,t20blast2023_070,12.0,9,1,133.3,0,0,1,0,22.2,4.0,16.0,3.0,4.0,5.3,8.0,0.0,1.0,0.0,45.8,18.0,13.0,1.0,20.0,2.0,14.0,22.0,11.0,15.0,0.0,1.0,18.0,22.0,2.0,3.0
MJ Santner,,,,,t20blast2023_130,13.0,10,1,130.0,0,0,1,1,60.0,3.3,23.0,1.0,6.57,23.0,21.0,0.0,3.0,0.0,47.6,16.0,12.0,1.0,22.0,3.0,12.0,21.0,9.0,14.0,1.0,1.0,20.0,24.0,3.0,3.0
MS Dhoni,WK,CSK,9.5,https://bcciplayerimages.s3.ap-south-1.amazonaws.com/ipl/IPLHeadshot2023/57.png,ipl2023_74,0.0,1,1,0.0,0,0,0,0,100.0,0.0,0.0,0.0,0.0,0.0,0.0,0.0,0.0,0.0,0.0,21.0,19.0,0.0,0.0,0.0,17.0,24.0,16.0,21.0,0.0,0.0,0.0,0.0,0.0,0.0
DP Conway,WK,CSK,8.5,https://bcciplayerimages.s3.ap-south-1.amazonaws.com/ipl/IPLHeadshot2023/601.png,t20blast2021_124,4.0,6,1,66.7,0,0,1,0,83.3,0.0,0.0,0.0,0.0,0.0,0.0,0.0,0.0,0.0,0.0,35.0,27.0,0.0,0.0,0.0,28.0,42.0,23.0,31.0,0.0,0.0,0.0,0.0,0.0,0.0
Sameer Rizvi,,,,,smat2023_130,42.0,29,0,144.8,0,0,1,4,34.5,0.0,0.0,0.0,0.0,0.0,0.0,0.0,0.0,0.0,0.0,11.0,7.0,0.0,0.0,0.0,1.0,20.0,1.0,19.0,0.0,0.0,0.0,0.0,0.0,0.0
Mukesh Choudhary,,,,,smat2021_2_096,0.0,0,0,0.0,0,0,0,0,0.0,3.0,24.0,1.0,8.0,24.0,18.0,0.0,3.0,1.0,50.0,0.0,0.0,1.0,22.0,3.0,1.0,1.0,1.0,1.0,-1.0,0.0,16.0,29.0,2.0,3.0
Simarjeet Singh,,,,,smat2021_076,0.0,0,0,0.0,0,0,0,0,0.0,2.0,22.0,2.0,11.0,11.0,6.0,0.0,3.0,1.0,50.0,0.0,1.0,1.0,14.0,2.0,1.0,1.0,1.0,2.0,0.0,2.0,6.0,21.0,2.0,3.0
DA Warner,Batsman,DC,9.5,https://bcciplayerimages.s3.ap-south-1.amazonaws.com/ipl/IPLHeadshot2023/214.png,ipl2024_02,29.0,21,1,138.1,0,0,3,2,52.4,0.0,0.0,0.0,0.0,0.0,0.0,0.0,0.0,0.0,0.0,40.0,29.0,0.0,0.0,0.0,34.0,46.0,25.0,32.0,0.0,0.0,0.0,0.0,0.0,0.0
PP Shaw,Batsman,DC,9.5,https://bcciplayerimages.s3.ap-south-1.amazonaws.com/ipl/IPLHeadshot2023/51.png,smat2022_136,11.0,8,1,137.5,0,0,2,0,50.0,0.0,0.0,0.0,0.0,0.0,0.0,0.0,0.0,0.0,0.0,27.0,19.0,0.0,0.0,0.0,22.0,33.0,16.0,22.0,0.0,0.0,0.0,0.0,0.0,0.0
RK Bhui,,,,,smat2023_088,40.0,13,0,307.7,0,0,4,3,0.0,0.0,0.0,0.0,0.0,0.0,0.0,0.0,0.0,0.0,0.0,2.0,2.0,0.0,0.0,0.0,1.0,29.0,1.0,14.0,0.0,0.0,0.0,0.0,0.0,0.0
YV Dhull,,,,,smat2023_133,7.0,9,1,77.8,0,0,1,0,55.6,0.0,0.0,0.0,0.0,0.0,0.0,0.0,0.0,0.0,0.0,20.0,15.0,0.0,0.0,0.0,3.0,36.0,4.0,27.0,0.0,0.0,0.0,0.0,0.0,0.0
Kuldeep Yadav,Bowler,DC,8.5,https://bcciplayerimages.s3.ap-south-1.amazonaws.com/ipl/IPLHeadshot2023/14.png,smat2022_113,0.0,0,0,0.0,0,0,0,0,0.0,3.0,24.0,0.0,8.0,0.0,0.0,0.0,4.0,0.0,38.9,3.0,4.0,1.0,26.0,3.0,2.0,4.0,2.0,5.0,0.0,1.0,24.0,29.0,3.0,4.0
Abishek Porel,,,,,smat2023_128,23.0,16,1,143.8,0,0,2,1,37.5,0.0,0.0,0.0,0.0,0.0,0.0,0.0,0.0,0.0,0.0,0.0,0.0,0.0,0.0,0.0,1.0,11.0,1.0,7.0,0.0,0.0,0.0,0.0,0.0,0.0
RR Pant,WK,DC,10.5,https://staticg.sportskeeda.com/editor/2023/02/8d54a-16758655779091-1920.jpg?w=80,ipl2024_02,18.0,13,1,138.5,0,0,2,0,23.1,0.0,0.0,0.0,0.0,0.0,0.0,0.0,0.0,0.0,0.0,28.0,20.0,0.0,0.0,0.0,23.0,32.0,17.0,22.0,0.0,0.0,0.0,0.0,0.0,0.0
SD Hope,,,,,psl2024_28,5.0,7,1,71.4,0,0,0,0,42.9,0.0,0.0,0.0,0.0,0.0,0.0,0.0,0.0,0.0,0.0,21.0,17.0,0.0,0.0,0.0,16.0,26.0,14.0,20.0,0.0,0.0,0.0,0.0,0.0,0.0
T Stubbs,,,,,t100m2022_34,18.0,18,1,100.0,0,0,1,0,38.9,0.5,5.0,0.0,6.0,0.0,0.0,0.0,0.0,0.0,20.0,23.0,14.0,0.0,7.0,0.0,18.0,27.0,12.0,17.0,0.0,0.0,4.0,10.0,0.0,1.0
A Nortje,Bowler,DC,9.0,https://bcciplayerimages.s3.ap-south-1.amazonaws.com/ipl/IPLHeadshot2023/142.png,sat20_2023_33,5.0,4,0,125.0,0,0,1,0,50.0,4.0,21.0,2.0,5.25,10.5,12.0,0.0,2.0,1.0,75.0,2.0,1.0,2.0,23.0,3.0,1.0,3.0,1.0,2.0,2.0,2.0,20.0,25.0,3.0,3.0
I Sharma,,,,,smat2023_090,0.0,0,0,0.0,0,0,0,0,0.0,2.0,13.0,1.0,6.5,13.0,12.0,0.0,3.0,0.0,66.7,1.0,1.0,1.0,19.0,3.0,0.0,1.0,1.0,1.0,1.0,1.0,16.0,23.0,2.0,3.0
Mukesh Kumar,Bowler,DC,8.0,https://bcciplayerimages.s3.ap-south-1.amazonaws.com/ipl/IPLHeadshot2023/1462.png,smat2023_128,0.0,0,0,0.0,0,0,0,0,0.0,4.0,29.0,1.0,7.25,29.0,24.0,0.0,4.0,0.0,45.8,0.0,0.0,1.0,24.0,3.0,0.0,1.0,0.0,1.0,0.0,1.0,21.0,27.0,2.0,3.0
P Dubey,,,,,smat2021_2_105,33.0,25,1,132.0,0,0,3,1,36.0,1.0,4.0,0.0,4.0,0.0,0.0,0.0,0.0,0.0,33.3,0.0,1.0,1.0,2.0,0.0,0.0,0.0,1.0,12.0,-1.0,1.0,-12.0,16.0,0.0,0.0
KK Ahmed,Bowler,DC,8.5,https://bcciplayerimages.s3.ap-south-1.amazonaws.com/ipl/IPLHeadshot2023/8.png,smat2022_061,0.0,0,0,0.0,0,0,0,0,0.0,4.0,36.0,1.0,9.0,36.0,24.0,0.0,2.0,2.0,33.3,1.0,0.0,1.0,25.0,3.0,1.0,0.0,1.0,1.0,1.0,1.0,22.0,27.0,3.0,4.0
Rasikh Salam,,,,,smat2023_104,0.0,0,0,0.0,0,0,0,0,0.0,3.0,32.0,0.0,10.67,0.0,0.0,0.0,2.0,3.0,38.9,0.0,0.0,0.0,13.0,2.0,1.0,3.0,1.0,2.0,-1.0,1.0,1.0,26.0,1.0,3.0
JA Richardson,Bowler,DC,9.0,https://www.iplt20.com/assets/images/default-headshot.png,ipl2021_11,0.0,0,0,0.0,0,0,0,0,0.0,4.0,41.0,2.0,10.25,20.5,12.0,0.0,2.0,3.0,37.5,4.0,3.0,2.0,26.0,4.0,3.0,5.0,3.0,4.0,2.0,2.0,23.0,29.0,3.0,4.0
AR Patel,AR,DC,9.0,https://bcciplayerimages.s3.ap-south-1.amazonaws.com/ipl/IPLHeadshot2023/110.png,smat2023_096,0.0,0,0,0.0,0,0,0,0,0.0,2.0,14.0,0.0,7.0,0.0,0.0,0.0,2.0,0.0,33.3,10.0,8.0,1.0,27.0,3.0,7.0,13.0,6.0,10.0,1.0,1.0,25.0,29.0,3.0,4.0
Lalit Yadav,AR,DC,8.5,https://bcciplayerimages.s3.ap-south-1.amazonaws.com/ipl/IPLHeadshot2023/538.png,smat2023_133,15.0,12,1,125.0,0,0,2,0,25.0,3.4,32.0,0.0,8.73,0.0,0.0,0.0,0.0,2.0,13.6,15.0,12.0,1.0,14.0,2.0,10.0,20.0,8.0,15.0,0.0,1.0,10.0,18.0,1.0,2.0
MR Marsh,AR,DC,9.0,https://bcciplayerimages.s3.ap-south-1.amazonaws.com/ipl/IPLHeadshot2023/40.png,ipl2024_02,20.0,12,1,166.7,0,0,2,2,66.7,4.0,52.0,0.0,13.0,0.0,0.0,0.0,5.0,3.0,25.0,20.0,15.0,1.0,6.0,1.0,13.0,27.0,12.0,19.0,0.0,0.0,3.0,10.0,1.0,1.0
Sumit Kumar,,,,,smat2023_076,5.0,4,0,125.0,0,0,0,0,0.0,4.0,18.0,4.0,4.5,4.5,6.0,0.0,1.0,0.0,66.7,10.0,6.0,0.0,5.0,1.0,4.0,16.0,2.0,9.0,-1.0,1.0,-5.0,14.0,1.0,1.0
J Fraser-McGurk,,,,,ilt20_2024_08,41.0,17,1,241.2,0,0,3,4,41.2,0.0,0.0,0.0,0.0,0.0,0.0,0.0,0.0,0.0,0.0,25.0,11.0,0.0,0.0,0.0,17.0,32.0,7.0,15.0,0.0,0.0,0.0,0.0,0.0,0.0
Shubman Gill,Batsman,GT,10.5,https://bcciplayerimages.s3.ap-south-1.amazonaws.com/ipl/IPLHeadshot2023/62.png,smat2022_134,45.0,32,1,140.6,0,0,7,1,43.8,0.0,0.0,0.0,0.0,0.0,0.0,0.0,0.0,0.0,0.0,28.0,26.0,0.0,0.0,0.0,22.0,34.0,23.0,30.0,0.0,0.0,0.0,0.0,0.0,0.0
KS Williamson,,,,,t20blast2018_122,44.0,26,0,169.2,0,0,6,1,26.9,0.0,0.0,0.0,0.0,0.0,0.0,0.0,0.0,0.0,0.0,8.0,6.0,0.0,0.0,0.0,3.0,13.0,3.0,10.0,0.0,0.0,0.0,0.0,0.0,0.0
B Sai Sudharsan,Batsman,GT,8.0,https://bcciplayerimages.s3.ap-south-1.amazonaws.com/ipl/IPLHeadshot2023/976.png,tnpl2023_19,41.0,28,1,146.4,0,0,6,0,28.6,0.0,0.0,0.0,0.0,0.0,0.0,0.0,0.0,0.0,0.0,37.0,26.0,0.0,0.0,0.0,28.0,45.0,22.0,31.0,0.0,0.0,-1.0,1.0,1.0,0.0
DA Miller,Batsman,GT,8.0,https://bcciplayerimages.s3.ap-south-1.amazonaws.com/ipl/IPLHeadshot2023/128.png,t20blast2017_131,0.0,2,1,0.0,0,0,0,0,100.0,0.0,0.0,0.0,0.0,0.0,0.0,0.0,0.0,0.0,0.0,23.0,15.0,0.0,0.0,0.0,20.0,25.0,14.0,17.0,0.0,0.0,0.0,0.0,0.0,0.0
V Shankar,AR,GT,8.0,https://bcciplayerimages.s3.ap-south-1.amazonaws.com/ipl/IPLHeadshot2023/61.png,tnpl2023_27,28.0,22,1,127.3,0,0,1,1,18.2,0.0,0.0,0.0,0.0,0.0,0.0,0.0,0.0,0.0,0.0,20.0,14.0,0.0,4.0,0.0,16.0,25.0,11.0,17.0,0.0,0.0,1.0,7.0,0.0,1.0
A Manohar,,,,,smat2023_099,13.0,12,1,108.3,0,0,1,0,25.0,0.0,0.0,0.0,0.0,0.0,0.0,0.0,0.0,0.0,0.0,39.0,28.0,0.0,0.0,0.0,27.0,50.0,21.0,36.0,0.0,0.0,0.0,0.0,0.0,0.0
Rashid Khan,AR,GT,9.0,https://bcciplayerimages.s3.ap-south-1.amazonaws.com/ipl/IPLHeadshot2023/218.png,t20blast2022_123,25.0,12,0,208.3,0,0,1,2,25.0,4.0,24.0,2.0,6.0,12.0,12.0,0.0,1.0,1.0,33.3,4.0,3.0,1.0,25.0,4.0,2.0,5.0,3.0,4.0,1.0,1.0,24.0,26.0,4.0,4.0
MM Sharma,Bowler,GT,8.0,https://bcciplayerimages.s3.ap-south-1.amazonaws.com/ipl/IPLHeadshot2023/100.png,smat2023_032,0.0,0,0,0.0,0,0,0,0,0.0,3.0,24.0,0.0,8.0,0.0,0.0,0.0,3.0,1.0,44.4,0.0,0.0,1.0,30.0,3.0,1.0,1.0,1.0,1.0,0.0,1.0,27.0,34.0,3.0,3.0
JB Little,,,,,t100m2023_34,0.0,0,0,0.0,0,0,0,0,0.0,3.2,21.0,1.0,6.3,21.0,20.0,0.0,2.0,1.0,55.0,1.0,1.0,1.0,17.0,2.0,0.0,1.0,0.0,1.0,1.0,1.0,14.0,20.0,2.0,3.0
UT Yadav,,,,,smat2022_135,2.0,3,0,66.7,0,0,0,0,33.3,3.0,22.0,0.0,7.33,0.0,0.0,0.0,1.0,2.0,61.1,2.0,1.0,1.0,30.0,3.0,1.0,3.0,0.0,2.0,1.0,1.0,27.0,33.0,3.0,4.0
Noor Ahmad,Bowler,GT,8.0,https://bcciplayerimages.s3.ap-south-1.amazonaws.com/ipl/IPLHeadshot2023/975.png,t100m2022_01,9.0,4,0,225.0,0,0,0,1,25.0,2.3,31.0,0.0,12.4,0.0,0.0,0.0,2.0,1.0,13.3,1.0,1.0,1.0,21.0,3.0,1.0,0.0,0.0,2.0,1.0,1.0,19.0,23.0,3.0,3.0
SH Johnson,Bowler,GT,10.0,https://www.iplt20.com/assets/images/default-headshot.png,t100m2023_29,0.0,0,0,0.0,0,0,0,0,0.0,1.4,11.0,1.0,6.6,11.0,10.0,0.0,0.0,1.0,70.0,0.0,0.0,0.0,19.0,2.0,1.0,1.0,1.0,1.0,0.0,1.0,16.0,23.0,2.0,3.0
Kartik Tyagi,,,,,smat2023_130,0.0,0,0,0.0,0,0,0,0,0.0,1.0,15.0,0.0,15.0,0.0,0.0,0.0,1.0,1.0,66.7,0.0,1.0,1.0,31.0,1.0,1.0,1.0,1.0,1.0,-1.0,0.0,27.0,35.0,0.0,1.0
R Sai Kishore,,,,,tnpl2023_22,26.0,10,1,260.0,0,0,3,2,40.0,4.0,31.0,2.0,7.75,15.5,12.0,0.0,2.0,2.0,45.8,7.0,12.0,1.0,22.0,4.0,5.0,10.0,10.0,14.0,1.0,1.0,20.0,24.0,4.0,4.0
J Yadav,,,,,smat2023_076,0.0,0,0,0.0,0,0,0,0,0.0,1.0,9.0,0.0,9.0,0.0,0.0,0.0,2.0,0.0,50.0,0.0,0.0,0.0,24.0,5.0,1.0,3.0,1.0,3.0,0.0,1.0,21.0,27.0,4.0,5.0
S Sandeep Warrier,,,,,tnpl2023_32,0.0,0,0,0.0,0,0,0,0,0.0,4.0,39.0,2.0,9.75,19.5,12.0,0.0,5.0,0.0,41.7,0.0,0.0,1.0,26.0,4.0,1.0,0.0,1.0,0.0,1.0,1.0,22.0,29.0,3.0,4.0
DG Nalkande,,,,,smat2022_135,5.0,6,1,83.3,0,0,0,0,16.7,3.0,35.0,2.0,11.67,17.5,9.0,0.0,3.0,2.0,27.8,2.0,1.0,2.0,23.0,2.0,1.0,5.0,1.0,3.0,1.0,2.0,18.0,29.0,2.0,3.0
Azmatullah Omarzai,,,,,scl2020_19,16.0,13,1,123.1,0,0,1,1,46.2,3.4,24.0,1.0,6.55,24.0,22.0,0.0,2.0,1.0,40.9,8.0,6.0,0.0,20.0,2.0,1.0,14.0,2.0,10.0,0.0,1.0,17.0,23.0,2.0,3.0
R Tewatia,AR,GT,8.0,https://bcciplayerimages.s3.ap-south-1.amazonaws.com/ipl/IPLHeadshot2023/120.png,smat2023_076,26.0,18,0,144.4,0,0,2,1,22.2,1.0,2.0,0.0,2.0,0.0,0.0,0.0,0.0,0.0,83.3,18.0,12.0,1.0,10.0,2.0,14.0,21.0,10.0,15.0,0.0,1.0,7.0,13.0,2.0,2.0
M Shahrukh Khan,AR,GT,8.0,https://www.iplt20.com/assets/images/default-headshot.png,tnpl2023_32,7.0,5,1,140.0,0,0,1,0,40.0,4.0,16.0,3.0,4.0,5.3,8.0,0.0,0.0,1.0,62.5,19.0,12.0,1.0,18.0,2.0,15.0,23.0,10.0,15.0,1.0,1.0,16.0,21.0,2.0,2.0
WP Saha,WK,GT,8.0,https://bcciplayerimages.s3.ap-south-1.amazonaws.com/ipl/IPLHeadshot2023/225.png,smat2023_046,4.0,7,1,57.1,0,0,1,0,85.7,0.0,0.0,0.0,0.0,0.0,0.0,0.0,0.0,0.0,0.0,18.0,19.0,0.0,0.0,0.0,12.0,24.0,15.0,22.0,0.0,0.0,0.0,0.0,0.0,0.0
MS Wade,,,,,t100m2023_32,0.0,4,1,0.0,0,0,0,0,100.0,0.0,0.0,0.0,0.0,0.0,0.0,0.0,0.0,0.0,0.0,24.0,21.0,0.0,0.0,0.0,18.0,29.0,18.0,24.0,0.0,0.0,0.0,0.0,0.0,0.0
BR Sharath,,,,,smat2023_099,26.0,18,1,144.4,0,0,2,1,16.7,0.0,0.0,0.0,0.0,0.0,0.0,0.0,0.0,0.0,0.0,0.0,1.0,0.0,0.0,0.0,0.0,0.0,1.0,5.0,0.0,0.0,0.0,0.0,0.0,0.0
RK Singh,Batsman,KKR,8.0,https://www.kkr.in/static-assets/images/players/2020/64727.png?v=5.34&w=200,smat2023_130,77.0,33,0,233.3,1,0,4,6,15.2,0.0,0.0,0.0,0.0,0.0,0.0,0.0,0.0,0.0,0.0,35.0,16.0,0.0,0.0,0.0,28.0,42.0,12.0,20.0,0.0,0.0,0.0,0.0,0.0,0.0
SS Iyer,Batsman,KKR,10.0,https://www.kkr.in/static-assets/images/players/2020/63961.png?v=5.34&w=200,smat2022_136,34.0,26,1,130.8,0,0,4,1,38.5,0.0,0.0,0.0,0.0,0.0,0.0,0.0,0.0,0.0,0.0,24.0,20.0,0.0,0.0,0.0,20.0,29.0,17.0,23.0,0.0,0.0,0.0,0.0,0.0,0.0
VR Iyer,AR,KKR,8.5,https://www.kkr.in/static-assets/images/players/2020/65430.png?v=5.34&w=200,smat2023_108,29.0,22,0,131.8,0,0,2,1,22.7,1.0,12.0,0.0,12.0,0.0,0.0,0.0,1.0,1.0,66.7,27.0,19.0,0.0,9.0,1.0,21.0,33.0,15.0,23.0,0.0,0.0,6.0,12.0,1.0,1.0
N Rana,Batsman,KKR,8.5,https://www.kkr.in/static-assets/images/players/2020/63649.png?v=5.34&w=200,smat2023_130,17.0,18,0,94.4,0,0,1,0,27.8,3.0,22.0,0.0,7.33,0.0,0.0,0.0,1.0,1.0,22.2,23.0,17.0,1.0,12.0,2.0,18.0,27.0,14.0,19.0,1.0,2.0,11.0,13.0,2.0,2.0
SE Rutherford,,,,,psl2024_22,9.0,9,1,100.0,0,0,1,0,44.4,0.0,0.0,0.0,0.0,0.0,0.0,0.0,0.0,0.0,0.0,22.0,15.0,0.0,0.0,0.0,18.0,27.0,13.0,18.0,0.0,0.0,-1.0,2.0,1.0,0.0
MK Pandey,,,,,smat2023_099,11.0,9,1,122.2,0,0,0,1,33.3,0.0,0.0,0.0,0.0,0.0,0.0,0.0,0.0,0.0,0.0,26.0,22.0,0.0,0.0,0.0,22.0,31.0,19.0,25.0,0.0,0.0,0.0,0.0,0.0,0.0
MA Starc,Bowler,KKR,8.5,https://www.kkr.in/static-assets/images/players/2020/10053.png?v=5.34&w=200,ipl2024_03,6.0,3,0,200.0,0,0,1,0,0.0,4.0,53.0,0.0,13.25,0.0,0.0,0.0,3.0,4.0,41.7,2.0,1.0,0.0,0.0,0.0,1.0,3.0,1.0,1.0,0.0,1.0,-9.0,8.0,1.0,1.0
CV Varun,Bowler,KKR,9.0,https://www.kkr.in/static-assets/images/players/2020/67469.png?v=5.34&w=200,tnpl2023_31,0.0,0,0,0.0,0,0,0,0,0.0,4.0,26.0,1.0,6.5,26.0,24.0,0.0,1.0,1.0,33.3,1.0,1.0,1.0,29.0,4.0,0.0,2.0,1.0,2.0,1.0,1.0,27.0,31.0,3.0,4.0
PVD Chameera,,,,,lpl2023_15,0.0,0,0,0.0,0,0,0,0,0.0,4.0,33.0,0.0,8.25,0.0,0.0,0.0,2.0,1.0,29.2,1.0,2.0,1.0,40.0,4.0,1.0,3.0,0.0,3.0,1.0,1.0,36.0,44.0,3.0,4.0
Suyash Sharma,,,,,lpl2021_17,2.0,12,1,16.7,0,0,0,0,83.3,0.0,0.0,0.0,0.0,0.0,0.0,0.0,0.0,0.0,0.0,2.0,3.0,0.0,0.0,0.0,1.0,6.0,1.0,6.0,0.0,0.0,0.0,0.0,0.0,0.0
Mujeeb Ur Rahman,,,,,t20blast2021_123,0.0,0,0,0.0,0,0,0,0,0.0,4.0,18.0,2.0,4.5,9.0,12.0,0.0,2.0,0.0,50.0,1.0,1.0,1.0,25.0,4.0,1.0,2.0,0.0,1.0,1.0,1.0,23.0,26.0,4.0,4.0
VG Arora,Bowler,KKR,8.0,https://www.kkr.in/static-assets/images/players/2020/74298.png?v=5.34&w=200,smat2022_136,2.0,2,0,100.0,0,0,0,0,0.0,4.0,27.0,3.0,6.75,9.0,8.0,0.0,0.0,2.0,75.0,1.0,0.0,2.0,19.0,4.0,1.0,0.0,1.0,1.0,1.0,2.0,16.0,23.0,3.0,4.0
C Sakariya,Bowler,KKR,8.5,https://www.kkr.in/static-assets/images/players/2020/68173.png?v=5.34&w=200,smat2022_133,0.0,0,0,0.0,0,0,0,0,0.0,4.0,33.0,4.0,8.25,8.2,6.0,0.0,4.0,0.0,62.5,1.0,1.0,1.0,29.0,4.0,1.0,2.0,0.0,2.0,1.0,1.0,24.0,34.0,4.0,5.0
Harshit Rana,,,,,smat2023_090,0.0,0,0,0.0,0,0,0,0,0.0,1.0,9.0,0.0,9.0,0.0,0.0,0.0,0.0,1.0,33.3,0.0,0.0,1.0,11.0,2.0,1.0,0.0,1.0,1.0,0.0,1.0,4.0,18.0,1.0,2.0
AD Russell,AR,KKR,10.5,https://www.kkr.in/static-assets/images/players/2020/12047.png?v=5.34&w=200,t20blast2016_131,39.0,18,1,216.7,0,0,4,3,33.3,4.0,20.0,3.0,5.0,6.7,8.0,0.0,1.0,0.0,41.7,12.0,8.0,1.0,30.0,3.0,10.0,14.0,7.0,9.0,1.0,1.0,28.0,31.0,3.0,4.0
SP Narine,AR,KKR,9.5,https://www.kkr.in/static-assets/images/players/2020/11229.png?v=5.34&w=200,t20blast2023_127,2.0,2,0,100.0,0,0,0,0,0.0,4.0,31.0,1.0,7.75,31.0,24.0,0.0,2.0,2.0,41.7,7.0,5.0,1.0,23.0,4.0,5.0,8.0,4.0,6.0,1.0,1.0,22.0,24.0,4.0,4.0
Ramandeep Singh,,,,,smat2023_130,22.0,13,0,169.2,0,0,1,1,15.4,0.0,0.0,0.0,0.0,0.0,0.0,0.0,0.0,0.0,0.0,9.0,6.0,0.0,7.0,1.0,1.0,16.0,2.0,9.0,0.0,1.0,3.0,11.0,0.0,1.0
Rahmanullah Gurbaz,WK,KKR,8.0,https://www.kkr.in/static-assets/images/players/2020/68027.png?v=5.34&w=200,scl2020_19,4.0,3,1,133.3,0,0,1,0,66.7,0.0,0.0,0.0,0.0,0.0,0.0,0.0,0.0,0.0,0.0,24.0,15.0,0.0,0.0,0.0,19.0,28.0,13.0,17.0,0.0,0.0,0.0,0.0,0.0,0.0
PD Salt,,,,,t20blast2023_127,13.0,11,1,118.2,0,0,2,0,36.4,0.0,0.0,0.0,0.0,0.0,0.0,0.0,0.0,0.0,0.0,19.0,14.0,0.0,0.0,0.0,16.0,23.0,12.0,16.0,0.0,0.0,0.0,0.0,0.0,0.0
KS Bharat,,,,,smat2023_088,1.0,2,1,50.0,0,0,0,0,50.0,0.0,0.0,0.0,0.0,0.0,0.0,0.0,0.0,0.0,0.0,0.0,1.0,0.0,0.0,0.0,0.0,0.0,1.0,1.0,0.0,0.0,0.0,0.0,0.0,0.0
AS Roy,,,,,smat2021_2_087,16.0,7,0,228.6,0,0,1,1,14.3,4.0,24.0,0.0,6.0,0.0,0.0,0.0,1.0,1.0,41.7,1.0,1.0,1.0,4.0,1.0,1.0,9.0,1.0,5.0,0.0,2.0,-1.0,10.0,0.0,1.0
D Padikkal,Batsman,LSG,8.0,https://www.lucknowsupergiants.in/static-assets/images/players/67589.png?v=9.4,smat2023_099,1.0,2,1,50.0,0,0,0,0,50.0,0.0,0.0,0.0,0.0,0.0,0.0,0.0,0.0,0.0,0.0,30.0,25.0,0.0,0.0,0.0,24.0,37.0,21.0,29.0,0.0,0.0,0.0,0.0,0.0,0.0
KR Mayers,,,,,t20blast2021_122,14.0,12,0,116.7,0,0,2,0,33.3,0.0,0.0,0.0,0.0,0.0,0.0,0.0,0.0,0.0,0.0,28.0,20.0,1.0,5.0,1.0,22.0,33.0,16.0,23.0,0.0,0.0,2.0,8.0,1.0,1.0
DJ Hooda,AR,LSG,8.0,https://www.lucknowsupergiants.in/static-assets/images/players/63748.png?v=9.4,smat2021_2_049,69.0,35,0,197.1,1,0,5,5,20.0,0.0,0.0,0.0,0.0,0.0,0.0,0.0,0.0,0.0,0.0,31.0,23.0,0.0,3.0,0.0,26.0,36.0,20.0,26.0,0.0,0.0,1.0,6.0,0.0,0.0
AJ Turner,,,,,t20blast2023_119,6.0,11,1,54.5,0,0,0,0,45.5,4.0,20.0,3.0,5.0,6.7,8.0,0.0,2.0,0.0,45.8,17.0,12.0,1.0,5.0,0.0,13.0,20.0,10.0,14.0,0.0,1.0,4.0,6.0,0.0,0.0
A Badoni,Batsman,LSG,8.0,https://www.lucknowsupergiants.in/static-assets/images/players/69656.png?v=9.4,smat2023_133,80.0,57,0,140.4,1,0,7,4,35.1,1.0,9.0,0.0,9.0,0.0,0.0,0.0,0.0,1.0,33.3,22.0,16.0,0.0,0.0,0.0,14.0,29.0,11.0,21.0,0.0,0.0,-1.0,2.0,1.0,0.0
Ravi Bishnoi,Bowler,LSG,8.0,https://www.lucknowsupergiants.in/static-assets/images/players/71288.png?v=9.4,smat2023_127,0.0,0,0,0.0,0,0,0,0,0.0,4.0,29.0,2.0,7.25,14.5,12.0,0.0,3.0,0.0,37.5,0.0,1.0,1.0,30.0,4.0,1.0,1.0,0.0,1.0,1.0,1.0,28.0,32.0,4.0,4.0
Naveen-ul-Haq,,,,,t20blast2023_076,0.0,0,0,0.0,0,0,0,0,0.0,2.0,15.0,0.0,7.5,0.0,0.0,0.0,2.0,0.0,25.0,2.0,2.0,1.0,23.0,3.0,1.0,3.0,1.0,3.0,1.0,1.0,21.0,25.0,3.0,3.0
S Joseph,,,,,smat2023_132,0.0,0,0,0.0,0,0,0,0,0.0,3.0,17.0,2.0,5.67,8.5,9.0,0.0,0.0,1.0,38.9,0.0,0.0,0.0,0.0,0.0,0.0,0.0,1.0,1.0,-1.0,1.0,-11.0,11.0,1.0,2.0
Shivam Mavi,Bowler,LSG,8.0,https://www.lucknowsupergiants.in/static-assets/images/players/66984.png?v=9.4,smat2022_113,0.0,0,0,0.0,0,0,0,0,0.0,2.0,18.0,0.0,9.0,0.0,0.0,0.0,2.0,1.0,58.3,0.0,0.0,1.0,24.0,3.0,1.0,2.0,1.0,2.0,1.0,1.0,20.0,27.0,2.0,3.0
A Mishra,,,,,smat2023_032,0.0,0,0,0.0,0,0,0,0,0.0,3.0,27.0,2.0,9.0,13.5,9.0,0.0,5.0,0.0,38.9,1.0,2.0,1.0,21.0,2.0,0.0,3.0,1.0,4.0,0.0,0.0,18.0,23.0,2.0,2.0
Mohsin Khan,Bowler,LSG,8.0,https://www.lucknowsupergiants.in/static-assets/images/players/68182.png?v=9.4,smat2023_130,0.0,0,0,0.0,0,0,0,0,0.0,4.0,34.0,3.0,8.5,11.3,8.0,0.0,3.0,1.0,37.5,2.0,1.0,1.0,8.0,2.0,1.0,4.0,1.0,3.0,1.0,1.0,2.0,14.0,1.0,3.0
Yash Thakur,Bowler,LSG,8.0,https://www.lucknowsupergiants.in/static-assets/images/players/66819.png?v=9.4,smat2022_135,0.0,0,0,0.0,0,0,0,0,0.0,3.0,25.0,0.0,8.33,0.0,0.0,0.0,4.0,1.0,55.6,0.0,0.0,1.0,35.0,4.0,1.0,1.0,1.0,2.0,0.0,1.0,29.0,40.0,3.0,4.0
Arshad Khan,,,,,smat2023_054,4.0,11,1,36.4,0,0,0,0,63.6,2.0,15.0,0.0,7.5,0.0,0.0,0.0,2.0,0.0,41.7,15.0,11.0,2.0,35.0,3.0,10.0,20.0,7.0,15.0,1.0,4.0,21.0,48.0,2.0,3.0
M Siddharth,,,,,tnpl2023_32,0.0,0,0,0.0,0,0,0,0,0.0,2.0,13.0,1.0,6.5,13.0,12.0,0.0,1.0,1.0,58.3,2.0,2.0,1.0,12.0,3.0,1.0,3.0,1.0,3.0,1.0,1.0,9.0,14.0,3.0,4.0
MP Yadav,,,,,tnpl2023_29,1.0,1,0,100.0,0,0,0,0,0.0,0.0,0.0,0.0,0.0,0.0,0.0,0.0,0.0,0.0,0.0,0.0,0.0,0.0,0.0,0.0,1.0,4.0,1.0,4.0,0.0,0.0,0.0,0.0,0.0,0.0
KH Pandya,AR,LSG,8.0,https://www.lucknowsupergiants.in/static-assets/images/players/63788.png?v=9.4,smat2023_135,45.0,32,1,140.6,0,0,3,1,18.8,4.0,30.0,1.0,7.5,30.0,24.0,0.0,3.0,0.0,29.2,15.0,10.0,0.0,16.0,2.0,12.0,18.0,8.0,12.0,0.0,1.0,14.0,18.0,2.0,2.0
MP Stoinis,AR,LSG,8.0,https://www.lucknowsupergiants.in/static-assets/images/players/4311.png?v=9.4,t20blast2018_127,0.0,3,1,0.0,0,0,0,0,100.0,3.0,18.0,0.0,6.0,0.0,0.0,0.0,1.0,0.0,44.4,36.0,21.0,1.0,22.0,3.0,31.0,40.0,18.0,23.0,0.0,1.0,20.0,24.0,2.0,3.0
DJ Willey,,,,,t20blast2023_121,10.0,11,1,90.9,0,0,1,0,36.4,3.0,23.0,1.0,7.67,23.0,18.0,0.0,1.0,1.0,55.6,11.0,10.0,1.0,27.0,3.0,7.0,15.0,7.0,12.0,1.0,1.0,25.0,28.0,3.0,3.0
K Gowtham Thamarai,,,,,tnpl2023_32,0.0,0,0,0.0,0,0,0,0,0.0,3.0,38.0,1.0,12.67,38.0,18.0,0.0,3.0,3.0,38.9,0.0,0.0,1.0,11.0,1.0,1.0,1.0,1.0,1.0,-1.0,0.0,7.0,14.0,0.0,1.0
PN Mankad,,,,,smat2022_133,61.0,25,1,244.0,1,0,7,3,12.0,0.0,0.0,0.0,0.0,0.0,0.0,0.0,0.0,0.0,0.0,12.0,6.0,0.0,3.0,0.0,1.0,27.0,1.0,14.0,-1.0,1.0,-7.0,12.0,1.0,1.0
KL Rahul,WK,LSG,9.5,https://www.lucknowsupergiants.in/static-assets/images/players/60122.png?v=9.44,ipl2024_04,58.0,44,1,131.8,1,0,4,2,27.3,0.0,0.0,0.0,0.0,0.0,0.0,0.0,0.0,0.0,0.0,34.0,29.0,0.0,0.0,0.0,27.0,41.0,25.0,33.0,0.0,0.0,0.0,0.0,0.0,0.0
N Pooran,WK,LSG,8.5,https://www.lucknowsupergiants.in/static-assets/images/players/63726.png?v=9.4,t20blast2019_023,43.0,31,1,138.7,0,0,3,3,38.7,0.0,0.0,0.0,0.0,0.0,0.0,0.0,0.0,0.0,0.0,24.0,17.0,0.0,0.0,0.0,21.0,28.0,15.0,19.0,0.0,0.0,0.0,0.0,0.0,0.0
Q de Kock,WK,LSG,9.0,https://www.lucknowsupergiants.in/static-assets/images/players/28035.png?v=9.4,t100m2022_31,8.0,6,1,133.3,0,0,2,0,66.7,0.0,0.0,0.0,0.0,0.0,0.0,0.0,0.0,0.0,0.0,32.0,21.0,0.0,0.0,0.0,26.0,37.0,18.0,24.0,0.0,0.0,0.0,0.0,0.0,0.0
SA Yadav,Batsman,MI,9.5,https://www.mumbaiindians.com/static-assets/images/players/large/11803.png?v=4.11&w=200,smat2021_095,22.0,15,1,146.7,0,0,3,0,26.7,0.0,0.0,0.0,0.0,0.0,0.0,0.0,0.0,0.0,0.0,20.0,15.0,0.0,0.0,0.0,16.0,25.0,12.0,18.0,0.0,0.0,0.0,0.0,0.0,0.0
RG Sharma,Batsman,MI,10.0,https://www.mumbaiindians.com/static-assets/images/players/large/3852.png?v=4.11&w=200,ipl2024_08,26.0,12,1,216.7,0,0,1,3,41.7,0.0,0.0,0.0,0.0,0.0,0.0,0.0,0.0,0.0,0.0,26.0,19.0,0.0,0.0,0.0,22.0,30.0,17.0,22.0,0.0,0.0,0.0,0.0,0.0,0.0
NT Tilak Varma,AR,MI,8.0,https://www.mumbaiindians.com/static-assets/images/players/large/70761.png?v=4.11&w=200,smat2023_069,40.0,24,0,166.7,0,0,2,3,29.2,0.0,0.0,0.0,0.0,0.0,0.0,0.0,0.0,0.0,0.0,26.0,20.0,0.0,2.0,0.0,18.0,34.0,16.0,24.0,0.0,0.0,0.0,4.0,0.0,0.0
TH David,Batsman,MI,8.5,https://www.mumbaiindians.com/static-assets/images/players/large/67402.png?v=4.11&w=200,t20blast2022_133,8.0,11,1,72.7,0,0,0,0,45.5,0.0,0.0,0.0,0.0,0.0,0.0,0.0,0.0,0.0,0.0,19.0,11.0,0.0,2.0,0.0,16.0,22.0,10.0,13.0,0.0,0.0,1.0,3.0,0.0,0.0
D Brevis,,,,,sat20_2024_28,9.0,10,1,90.0,0,0,1,0,40.0,0.0,0.0,0.0,0.0,0.0,0.0,0.0,0.0,0.0,0.0,17.0,10.0,0.0,1.0,0.0,11.0,23.0,7.0,14.0,0.0,0.0,0.0,2.0,0.0,0.0
JJ Bumrah,Bowler,MI,10.0,https://www.mumbaiindians.com/static-assets/images/players/large/63755.png?v=4.11&w=2000,ipl2024_08,0.0,0,0,0.0,0,0,0,0,0.0,4.0,36.0,0.0,9.0,0.0,0.0,0.0,2.0,1.0,20.8,0.0,0.0,2.0,22.0,3.0,0.0,1.0,0.0,1.0,1.0,2.0,20.0,24.0,3.0,4.0
G Coetzee,AR,MI,8.5,https://www.mumbaiindians.com/static-assets/images/players/large/67443.png?v=4.11&w=200,sat20_2023_32,12.0,17,1,70.6,0,0,0,1,64.7,4.0,41.0,0.0,10.25,0.0,0.0,0.0,2.0,2.0,37.5,0.0,1.0,1.0,15.0,2.0,0.0,0.0,1.0,3.0,0.0,1.0,10.0,21.0,1.0,2.0
PP Chawla,AR,MI,9.0,https://www.mumbaiindians.com/static-assets/images/players/large/3729.png?v=4.11&w=200,smat2023_127,13.0,8,0,162.5,0,0,2,0,12.5,4.0,19.0,0.0,4.75,0.0,0.0,0.0,1.0,0.0,37.5,2.0,2.0,1.0,20.0,3.0,0.0,3.0,2.0,3.0,0.0,1.0,18.0,22.0,2.0,3.0
N Thushara,,,,,sat20_2024_28,0.0,1,1,0.0,0,0,0,0,100.0,3.4,40.0,1.0,10.91,40.0,22.0,0.0,6.0,0.0,40.9,0.0,2.0,1.0,6.0,2.0,1.0,1.0,1.0,2.0,1.0,1.0,2.0,10.0,1.0,2.0
L Wood,,,,,t20blast2023_127,0.0,0,0,0.0,0,0,0,0,0.0,4.0,37.0,1.0,9.25,37.0,24.0,0.0,3.0,1.0,50.0,2.0,2.0,1.0,26.0,3.0,1.0,3.0,1.0,3.0,1.0,1.0,24.0,27.0,3.0,3.0
HH Pandya,AR,MI,10.5,https://www.mumbaiindians.com/static-assets/images/players/large/63751.png?v=4.11&w=200,ipl2024_08,24.0,20,1,120.0,0,0,1,1,25.0,4.0,46.0,1.0,11.5,46.0,24.0,0.0,5.0,2.0,20.8,18.0,13.0,1.0,14.0,2.0,15.0,22.0,11.0,16.0,0.0,1.0,11.0,17.0,2.0,2.0
Mohammad Nabi,AR,MI,9.5,https://www.mumbaiindians.com/static-assets/images/players/large/7797.png?v=4.11&w=200,t20blast2021_122,8.0,7,1,114.3,0,0,1,0,28.6,4.0,23.0,2.0,5.75,11.5,12.0,0.0,2.0,0.0,41.7,15.0,11.0,1.0,22.0,3.0,13.0,16.0,10.0,12.0,1.0,1.0,21.0,24.0,3.0,3.0
R Shepherd,,,,,sat20_2024_17,0.0,0,0,0.0,0,0,0,0,0.0,2.0,15.0,0.0,7.5,0.0,0.0,0.0,1.0,1.0,75.0,7.0,5.0,2.0,27.0,3.0,4.0,10.0,3.0,6.0,2.0,2.0,24.0,30.0,3.0,3.0
Ishan Kishan,WK,MI,9.0,https://www.mumbaiindians.com/static-assets/images/players/large/64712.png?v=4.11&w=200,smat2021_081,27.0,19,1,142.1,0,0,3,1,36.8,0.0,0.0,0.0,0.0,0.0,0.0,0.0,0.0,0.0,0.0,24.0,18.0,0.0,0.0,0.0,20.0,29.0,16.0,21.0,0.0,0.0,0.0,0.0,0.0,0.0
N Wadhera,,,,,smat2023_135,61.0,27,0,225.9,1,0,6,4,18.5,0.0,0.0,0.0,0.0,0.0,0.0,0.0,0.0,0.0,0.0,15.0,14.0,0.0,0.0,0.0,2.0,27.0,6.0,21.0,0.0,0.0,0.0,0.0,0.0,0.0
Naman Dhir,,,,,smat2023_133,1.0,2,1,50.0,0,0,0,0,50.0,0.0,0.0,0.0,0.0,0.0,0.0,0.0,0.0,0.0,0.0,0.0,1.0,0.0,0.0,0.0,0.0,0.0,1.0,4.0,-1.0,1.0,-7.0,7.0,0.0,0.0
A Madhwal,,,,,smat2023_133,1.0,2,1,50.0,0,0,0,0,50.0,0.0,0.0,0.0,0.0,0.0,0.0,0.0,0.0,0.0,0.0,0.0,1.0,0.0,0.0,0.0,0.0,0.0,1.0,4.0,0.0,0.0,0.0,0.0,0.0,0.0
S Gopal,,,,,smat2023_132,0.0,2,1,0.0,0,0,0,0,100.0,3.0,30.0,0.0,10.0,0.0,0.0,0.0,3.0,1.0,22.2,4.0,3.0,1.0,24.0,3.0,2.0,6.0,1.0,6.0,1.0,2.0,21.0,27.0,3.0,3.0
K Kartikeya,,,,,smat2023_108,0.0,0,0,0.0,0,0,0,0,0.0,4.0,34.0,3.0,8.5,11.3,8.0,0.0,1.0,3.0,41.7,1.0,1.0,1.0,10.0,3.0,1.0,1.0,1.0,2.0,0.0,1.0,5.0,15.0,2.0,3.0
AS Tendulkar,,,,,smat2023_068,0.0,0,0,0.0,0,0,0,0,0.0,4.0,17.0,0.0,4.25,0.0,0.0,0.0,0.0,1.0,83.3,3.0,2.0,0.0,10.0,1.0,1.0,7.0,1.0,5.0,0.0,1.0,-4.0,24.0,0.0,2.0
A Kamboj,,,,,smat2023_076,0.0,0,0,0.0,0,0,0,0,0.0,2.0,8.0,1.0,4.0,8.0,12.0,0.0,1.0,0.0,100.0,1.0,1.0,1.0,23.0,2.0,0.0,2.0,0.0,2.0,0.0,2.0,17.0,30.0,2.0,2.0
SZ Mulani,,,,,smat2023_058,17.0,8,1,212.5,0,0,2,1,25.0,4.0,18.0,3.0,4.5,6.0,8.0,0.0,0.0,1.0,45.8,1.0,7.0,1.0,18.0,3.0,1.0,6.0,5.0,10.0,0.0,1.0,11.0,25.0,2.0,4.0
Vishnu Vinod,,,,,smat2023_132,17.0,12,1,141.7,0,0,2,0,25.0,0.0,0.0,0.0,0.0,0.0,0.0,0.0,0.0,0.0,0.0,1.0,0.0,0.0,0.0,0.0,1.0,15.0,1.0,6.0,0.0,0.0,0.0,0.0,0.0,0.0
